date,block,timestamp,staked,delegated,total,percentage,apy
2022-01-21,14047951,1642754978,17086352633383905724895097,2383032788472886407638422452,2400119141.1062703,32.266298380068385,6.169856601485655
2022-01-23,14058596,1642896721,17086352633383905724895097,2401203149126913735899680258,2418289501.760298,32.5448291174027,6.117357353814703
2022-01-24,14069241,1643039535,17086402633383905724895097,2361430319973598244278271830,2378516722.606982,31.986838244864014,6.222691080339166
2022-01-26,14079886,1643181749,17086402633383905724895097,2366123813728878475554675854,2383210216.3622622,31.97722888744572,6.2246191669743265
2022-01-27,14090531,1643324228,17086402633383905724895097,2377564446588637429795268695,2394650849.222021,32.06133783363267,6.2084888709187664
2022-01-29,14101176,1643466657,17086402633383905724895097,2376571014790213023563716679,2393657417.423597,31.987990994819498,6.222459784771095
2022-01-31,14111821,1643607948,17086502633383905724895097,2378678689498084625452525420,2395765192.1314683,32.03362853248126,6.21371169651374
2022-02-01,14122466,1643749628,17039755688192252462672095,2394845464649196854465166873,2411885220.337389,32.37348746204635,6.149652920497913
2022-02-03,14133111,1643892736,17039755688192252462672095,2397183683097088474710108564,2414223438.7852807,32.352463599059064,6.153615632120094
2022-02-05,14143756,1644034077,19545031222409046236636304,2428108713663815206565850146,2447653744.8862243,32.72223039663938,6.083919630621476
2022-02-06,14154401,1644175844,19545031222409046236636304,2406191854194626187193905164,2425736885.417035,32.51283908033813,6.123387039783759
2022-02-08,14165046,1644318020,19545031222409046236636304,2413319048393286211400983346,2432864079.6156955,32.63063843223756,6.101183467531614
2022-02-10,14175691,1644460121,19545031222409046236636304,2461770341575627362822849255,2481315372.7980366,33.25682207143628,5.986003883949488
2022-02-11,14186336,1644603622,20100842986977531037005017,2517705013849594555250899129,2537805856.836572,33.84878339372065,5.880990574838468
2022-02-13,14196981,1644744301,20100842986977531037005017,2519116318383076200576865364,2539217161.370054,33.95869681761741,5.861492050315651
2022-02-15,14207626,1644887012,20100842986977531037005017,2527013293346146516265912790,2547114136.333124,33.76418278678301,5.895998632549127
2022-02-16,14218271,1645029723,20300725255825903555137190,2562281265169056615937042452,2582581990.4248824,34.314372794841894,5.801582332990003
2022-02-18,14228916,1645171974,20300725255825903555137190,2581192641370488664942138916,2601493366.6263146,34.63505258044792,5.74794483732733
2022-02-19,14239561,1645315084,20316189699481412196919595,2581792132894450319633454780,2602108322.5939317,34.507265843548566,5.769318683930205
2022-02-21,14250206,1645456875,20316189699481412196919595,2615949822147365826738402101,2636266011.846847,35.02972534736161,5.682207355982483
2022-02-23,14260851,1645599342,20362202732339656157753610,2645918973222812365947213646,2666281175.955152,35.33981778647547,5.633222199335539
2022-02-24,14271496,1645741560,20380178428037086765037011,2653189324015441264830167445,2673569502.4434786,35.478627947575106,5.611294423524288
2022-02-26,14282141,1645884223,20389593954939928776476438,2648823572096587941088195605,2669213166.051528,35.52078073780715,5.604635567092563
2022-02-28,14292786,1646026749,20415686661573653460659890,2648340603941705515344965194,2668756290.603279,35.28493517951014,5.641891978924723
2022-03-01,14303431,1646168526,20453690069613442289440376,2668005462538053501521367761,2688459152.607667,35.542072310614145,5.601272147358141
2022-03-03,14314076,1646311927,20469501687405975031574533,2680200993849404076652027937,2700670495.53681,35.63378002877176,5.5867851222874165
2022-03-05,14324721,1646454031,20495341558563403730134355,2707140070751383590493586347,2727635412.309947,35.9465707295859,5.537373722509747
2022-03-06,14335366,1646597375,20495341558563403730134355,2715567862824633853857836404,2736063204.3831973,36.09900954950548,5.514138465874872
2022-03-08,14346011,1646740133,20534274636507012235190470,2715419852813926046715933227,2735954127.4504333,35.81191796851918,5.558644755794678
2022-03-10,14356656,1646883166,20679262407472726533110028,2711747665984124575964874557,2732426928.3915973,35.6693274215691,5.581169717379305
2022-03-11,14367301,1647025755,20693231981208774960838399,2716717381409608545448060606,2737410613.390817,35.803223716959934,5.560018182621126
2022-03-13,14377946,1647169545,20693231981208774960838399,2717257821558083332282796103,2737951053.5392923,35.64612009896278,5.584835767207786
2022-03-15,14388591,1647312480,20736601315998095362896561,2708289986011890450557945220,2729026587.3278885,35.47946891642054,5.611161576071617
2022-03-16,14399236,1647455157,20767341890915415898103393,2706058308522178332677679053,2726825650.4130936,35.49551380603148,5.608626972412073
2022-03-18,14409881,1647599472,20793127549348434105995714,2697567509464243740177911465,2718360637.0135922,35.331885745826526,5.634475220063258
2022-03-20,14420526,1647742356,21676503743624177139407338,2701526313142080897334448765,2723202816.885705,35.28959546918779,5.641155795157934
2022-03-21,14431171,1647885363,21714608622527593672091177,2705636754335023639007670374,2727351362.957551,35.522991678253774,5.604286305870895
2022-03-23,14441816,1648028888,21729528915913617199322368,2709942156512895723192808764,2731671685.428809,35.5786986293066,5.5954863050342265
2022-03-25,14452461,1648171249,21760450913759242844644319,2658745464090847328588946386,2680505915.0046067,34.816347772323674,5.717621067310076
2022-03-26,14463106,1648314614,21844872814248667303288964,2658487487002261927644415079,2680332359.8165107,34.78731655542621,5.722476882488688
2022-03-28,14473751,1648457712,21848645295486459991834411,2660338836494474615599448281,2682187481.789961,34.820654527798006,5.716900711402271
2022-03-30,14484396,1648600559,21896809802228830505842955,2695849321733294433248777558,2717746131.5355234,35.19374706387914,5.656296922628894
2022-03-31,14495041,1648744197,21931786601399408623020318,2698852059645343148788567824,2720783846.2467427,35.389245971590825,5.625414052198612
2022-04-02,14505686,1648887889,21956379683637725665803765,2701086544569930315568491852,2723042924.253568,35.01217297960777,5.684980095254695
2022-04-04,14516331,1649031507,21956379683637725665803765,2701731266004414561915021234,2723687645.688052,35.10763667563906,5.669899740127197
2022-04-05,14526976,1649175390,22006712769098717977981443,2700490973582237333556886187,2722497686.351336,35.02620524048089,5.682763425609524
2022-04-07,14537621,1649319155,22023537257000951489845084,2701026519074671084170099558,2723050056.331672,35.00369234617305,5.686319776926561
2022-04-09,14548266,1649463604,22049784423085708531574959,2694239040943668467791690565,2716288825.366754,34.90719397827611,5.702425962422079
2022-04-10,14558911,1649607032,22049784423085708531574959,2694791722364718175633786230,2716841506.7878036,34.93299437240779,5.698110540651048
2022-04-12,14569556,1649750704,22092662543872851560351931,2715288635344642753905043157,2737381297.8885155,34.98429091563605,5.689530585697804
2022-04-13,14580201,1649894175,22122715844725804178723739,2715969325745650587321674971,2738092041.5903764,35.062950150062925,5.676958849538603
2022-04-15,14590846,1650038016,22156835800655514332022823,2726635675940179591232030059,2748792511.740835,35.29281845803279,5.640646661127143
2022-04-17,14601491,1650180833,22156835800655514332022823,2735790059081438428656504807,2757946894.882094,35.31789411425242,5.636685471517188
2022-04-18,14612136,1650325095,22199520517188571295899722,2738957231577284871788519246,2761156752.0944734,35.33221726216652,5.634422850583073
2022-04-20,14622781,1650469688,22227842443444513443401322,2740155718071888208913079485,2762383560.5153327,35.4329544266402,5.618509448127942
2022-04-22,14633426,1650613874,22244873691627733977323894,2741898925384791497230001122,2764143799.0764194,35.392104081805634,5.624962557873285
2022-04-23,14644071,1650757386,22257199005561579136030874,2741051497396151533636481421,2763308696.401713,35.4639325409637,5.613615849989594
2022-04-25,14654716,1650902291,22304157567451982262914893,2754952119100831706146342253,2777256276.6682835,35.468083479697945,5.612960128151583
2022-04-27,14665361,1651047494,22326213973658854374477365,2757015731493935757572199479,2779341945.4675946,35.475920758237514,5.611722076949678
2022-04-29,14676006,1651191627,22355055602184099707581482,2781861520910353678122744934,2804216576.512538,35.70952366972987,5.57481993497764
2022-04-30,14686651,1651335914,22394438125608886849411611,2787215572430833199286791463,2809610010.5564423,35.9432585598395,5.537896944405553
2022-05-02,14697296,1651480510,22415503716226677640146063,2789601377680262626763866903,2812016881.396489,35.90714524249541,5.5436017481479345
2022-05-04,14707941,1651625994,22443977194161271819229644,2788653663612929243764854038,2811097640.8070903,35.783759573264874,5.563092924238902
2022-05-05,14718586,1651772387,22480942854651104472819296,2784443790446947942961704388,2806924733.301599,35.60459666373278,5.591395204726075
2022-05-07,14729231,1651918834,22493762426702063239114353,2789693027617408332731116780,2812186790.0441103,35.78696072888022,5.562587239193124
2022-05-09,14739876,1652064609,22510100656058936242835404,2779360324404894503963918753,2801870425.0609536,35.69712884161483,5.576777940140754
2022-05-10,14750521,1652212751,22540926621372303096009408,2768867268837247964233306622,2791408195.45862,35.56413192931526,5.597787399775342
2022-05-12,14761166,1652359732,22568522529073079871831265,2695458727076258944410179395,2718027249.605332,34.627292738365725,5.749242762905146
2022-05-14,14771811,1652506142,22594453297204065368942517,2669628987257857731939446484,2692223440.555062,33.86736973359285,5.877693377908929
2022-05-15,14782456,1652651534,22627045098100179317474540,2674555852247740040818559715,2697182897.3458405,33.93321830754138,5.866011910910558
2022-05-17,14793101,1652798617,22661443596395020399853098,2786625798753775199694837173,2809287242.35017,35.33996409710877,5.633199086713665
2022-05-19,14803746,1652945897,22674940269012241831810854,2796111316343526073528547466,2818786256.6125383,35.451650702459084,5.6155560062371315
2022-05-21,14814391,1653095653,22703915280003579157237365,2798395247890836072759694859,2821099163.17084,35.47955159636011,5.61114851516048
2022-05-22,14825036,1653245530,22736149004145146652638280,2799005674165398248807470830,2821741823.1695433,35.489093238264594,5.609641226480059
2022-05-24,14835681,1653394001,22762321183537698596264269,2784983580902579515803943679,2807745902.0861173,35.31618329453584,5.636955728902536
2022-05-26,14846326,1653544374,22772973801371451943917668,2786034630599960789468595941,2808807604.4013324,35.3057737894702,5.638600113518022
2022-05-27,14856971,1653694105,22800975670673427536811105,2788862787574877531415115425,2811663763.245551,35.340868693055114,5.633056188117813
2022-05-29,14867616,1653843367,22815821981103534000443200,2784849235710156027268602725,2807665057.6912594,35.28619774172961,5.641692532565199
2022-05-31,14878261,1653994024,22864444189992200631204464,2786331699497613517701400503,2809196143.687606,35.309063217814426,5.638080484070813
2022-06-02,14888906,1654143906,22893599641023185980407510,2783122345624548084415469752,2806015945.265571,35.26752929075522,5.644641578978422
2022-06-03,14899551,1654293250,22923539241020883880315706,2803863731958326316759168448,2826787271.199347,35.52843473763244,5.603426468342884
2022-06-05,14910196,1654447991,22953207877687782552428039,2803338903531746008702568165,2826292111.409434,35.520255419478204,5.60471855138172
2022-06-07,14920841,1654605307,22980745343190322055867481,2806000109685557300801834760,2828980855.0287476,35.55932758243162,5.598546340191155
2022-06-09,14931486,1654761514,22995089716616712859035956,2808165105189149546583353179,2831160194.9057665,35.58639669896659,5.5942702445935035
2022-06-11,14942131,1654918904,23025557592652433685919942,2805246118267915713293105317,2828271675.860568,35.550341822219295,5.599965816502318
2022-06-12,14952776,1655075541,23057588977432161781722402,2594206913746277401683684546,2617264502.7237096,32.89588557300957,6.051187996759972
2022-06-14,14963421,1655234868,23090131182054314869392479,2524782953002394152262442050,2547873084.1844482,32.02688376647413,6.214982992976314
2022-06-16,14974066,1655393410,23128454296806032522651203,2552698495560233538050975093,2575826949.8570395,32.189590703339526,6.184314953039214
2022-06-18,14984711,1655551619,23145286160122420969029924,2465783434159167321631189615,2488928720.3192897,31.109479133028454,6.3987303620653915
2022-06-20,14995356,1655710687,23178372117324272179879533,2452565938082301265953824673,2475744310.1996255,30.94422875290002,6.432633340340774
2022-06-22,15006001,1655874997,23204335030073665257443864,2452861788426654723255592436,2476066123.4567285,30.94792491260464,6.431842276290154
2022-06-24,15016646,1656047342,23237055923233421550548582,2423213904735106503461750176,2446450960.65834,30.574902247565223,6.511677793140361
2022-06-26,15027291,1656219002,23274222155313291063168308,2422587858527200047632577511,2445862080.682513,30.566275618637768,6.513524092155532
2022-06-28,15037936,1656390731,23305752481229571724943059,2421732472209814792617709706,2445038224.6910443,30.536569195391028,6.5198819569073265
2022-06-30,15048581,1656563397,23361927055183192511308635,2455010159329761054732031392,2478372086.3849444,30.955186561725185,6.430288114666591
2022-07-01,15059226,1656714335,23397466870705868822797200,2470935882273219951164231215,2494333349.1439257,31.150169362781888,6.390565998440008
2022-07-03,15069871,1656854880,23412800929264774958840470,2474939209672153238972899765,2498352010.601418,31.200233113466513,6.380520868011483
2022-07-05,15080516,1656997461,23451345294693650000173491,2480210185784956065168906232,2503661531.07965,31.268071177408142,6.366909378840307
2022-07-06,15091161,1657139795,23466827997890433259763563,2487987818526900416552289949,2511454646.524791,31.36858307793395,6.346741989529809
2022-07-08,15101806,1657282042,23498935206607983541941468,2503339570507531489872003532,2526838505.7141395,31.56046358971718,6.308241782469884
2022-07-10,15112451,1657423230,23532810501947443447695802,2481522171373268523643868522,2505054981.875216,31.288321382507622,6.3628462403689205
2022-07-11,15123096,1657565920,19413048501846582322738100,2519952867042077867651217290,2539365915.5439243,31.7137217293383,6.277491030065712
2022-07-13,15133741,1657707854,19445501646995311047256740,2525038759985087215449672506,2544484261.6320825,31.77669223641183,6.264856200512317
2022-07-15,15144386,1657849307,19475237953397619865719674,2534211339456300201225011301,2553686577.409698,31.895318216491926,6.241054279445264
2022-07-16,15155031,1657992357,19490102365447483667898804,2544690513085789038615325325,2564180615.4512367,32.02371781038763,6.215579732547289
2022-07-18,15165676,1658134351,19576371244876423312723209,2541223771573090381644395396,2560800142.817967,31.983479502305528,6.223365001222327
2022-07-20,15176321,1658277211,19600954656007678024742157,2551725842425549790489057081,2571326797.0815573,32.115896473892164,6.1982053108528765
2022-07-21,15186966,1658420649,19611041876908429078125373,2556402785937402912092697012,2576013827.8143115,32.17258018886714,6.187521203167452
2022-07-23,15197611,1658561472,19623700362964279819674943,2554899177331530332308384449,2574522877.6944947,32.153344720894324,6.191146826704862
2022-07-24,15208256,1658705197,19630338120799490655044514,2566280022327304294538814513,2585910360.448104,32.29775862459891,6.163926774188302
2022-07-26,15218901,1658849205,19643956436771139654790483,2606921769808151559616285852,2626565726.2449226,32.70025116862357,6.088062415530106
2022-07-28,15229546,1658991742,19658674876338819600010908,2609370140568407496179655053,2629028815.4447465,32.732270545153675,6.082027199471687
2022-07-29,15240191,1659135516,19682238345898506516155861,2611968494192435489966072588,2631650732.538334,32.75169087222492,6.078366732513814
2022-07-31,15250836,1659278646,19701518155036625719675183,2610478850509583748037702495,2630180368.6646204,32.73608214511845,6.081308764829649
2022-08-02,15261481,1659421866,19737622248962672875225227,2613646882493355820498052609,2633384504.7423186,32.7763249096385,6.073723552218211
2022-08-03,15272126,1659565345,19745107070420582349457829,2601552539062113095561319870,2621297646.1325336,32.62435097066914,6.102368568340456
2022-08-05,15282771,1659708296,19763868626962718236716473,2607857994038385847321192629,2627621862.6653485,32.704442996927355,6.087272313028599
2022-08-07,15293416,1659852141,19783936838114097738656712,2608988527937731234730143338,2628772464.7758455,32.71769254374986,6.08477495404115
2022-08-08,15304061,1659994875,19793453839301759027896499,2616296571473163653239400347,2636090025.312465,32.810159497575306,6.067346193550584
2022-08-10,15314706,1660139389,19793453839301759027896499,2621982739657401120382287475,2641776193.4967027,32.876127183574084,6.054912183865784
2022-08-12,15325351,1660284606,19811012093898407249600453,2625080328106124194884081623,2644891340.2000227,32.91560643310651,6.047470883422959
2022-08-13,15335996,1660429257,19811012093898407249600453,2627896639430785973587065268,2647707651.5246844,32.795077785480984,6.070188890719735
2022-08-15,15346641,1660575059,19837722532465381609258325,2630209693789955022122982053,2650047416.3224206,32.978853947253164,6.035549589056902
2022-08-17,15357286,1660720110,19858550168611016400799108,2675845343540111953513189497,2695703893.708723,33.52058389016053,5.939212817779005
2022-08-18,15367931,1660865477,19865158197636857052875345,2683448644339642203611622737,2703313802.537279,33.61629866430381,5.922233118624317
2022-08-20,15378576,1661011907,19895235099529467704438264,2683653930019543239295817915,2703549165.119073,33.61786151504235,5.921955870565159
2022-08-22,15389221,1661156685,19916338257189688017884265,2686646991326556560799176147,2706563329.5837464,33.65314361296963,5.915696863910087
2022-08-24,15399866,1661302423,19943251147545846172277638,2689898858032690616933073331,2709842109.1802363,33.695977115085974,5.9080982461816625
2022-08-25,15410511,1661450140,19959846428743601947022158,2856072661517296231345785614,2876032507.9460397,33.90582215793055,5.870871958719817
2022-08-27,15421156,1661597637,19969784257776661728816492,2857432986806155474966263399,2877402771.063932,33.921133162319414,5.8681558028221925
2022-08-29,15431801,1661744282,19995882542845234637922041,2855062363673414214330778073,2875058246.2162595,33.89535847662171,5.872728204657447
2022-08-30,15442446,1661891095,20004259843402617461791891,2828556665382939944270916606,2848560925.2263427,33.58160141887612,5.928388373067865
2022-09-01,15453091,1662038175,20042186233625117354357292,3036720845837396197567485664,3056763032.071021,35.206328690005016,5.654309409071934
2022-09-03,15463736,1662185366,20046808703747873215884318,3055587481875237536682633695,3075634290.578985,35.42589987994441,5.619623851548915
2022-09-04,15474381,1662332439,20056993576265670124641673,3057603067337796359417962091,3077660060.914062,35.44703187579691,5.616285640110884
2022-09-06,15485026,1662480205,20076014096600088554220977,3059342015419022470259162800,3079418029.5156226,35.25753716340411,5.6462200306328025
2022-09-08,15495671,1662627815,20095032007879289332734756,3126545824934149936085791304,3146640856.942029,36.02560504098657,5.525107348256205
2022-09-10,15506316,1662777425,20113602789495975521374221,3150904377188772406318874285,3171017979.978268,36.305410602714026,5.483295825256355
2022-09-11,15516961,1662930226,20123875865380141531695927,3180887300853900371261441355,3201011176.7192807,36.64812035793501,5.432084488625909
2022-09-13,15527606,1663081864,20149609796216787358809615,3181874861773681488499945400,3202024471.569898,36.65969149804065,5.4303554058025565
2022-09-15,15538251,1663234595,20159521815279356997434367,3183168701246728035681191888,3203328223.0620074,36.67523648391091,5.428032508679876
2022-09-16,15548896,1663364303,20159521815279356997434367,3188942356927728290895355057,3209101878.7430077,36.73919015961976,5.418475870254547
2022-09-18,15559541,1663493303,20195983920831172387971755,3187226281615309374844061296,3207422265.5361404,36.72100853676805,5.421192761717838
2022-09-19,15570186,1663622375,20212827738904049134753719,3178905585607243860727353889,3199118413.346148,36.625159186004986,5.435515591146991
2022-09-21,15580831,1663751951,20232101256877575707709809,3183689813302914412213930457,3203921914.559792,36.68074293408088,5.4272096763297695
2022-09-22,15591476,1663880987,20240311368054054485263372,3182059828632174951178313981,3202300140.000229,36.66189999704583,5.430025388391966
2022-09-24,15602121,1664009279,20258015486698464854182346,3182069692492558239656297594,3202327707.9792566,36.66564674575085,5.429465509350651
2022-09-25,15612766,1664137559,20266895875593449653624841,3183700775477360267241917729,3203967671.352954,36.683087840360244,5.426859275493464
2022-09-27,15623411,1664266223,20285145884615547209164897,3214665601454348638674710646,3234950747.338964,37.03693355343801,5.37427435951435
2022-09-28,15634056,1664394851,20293724491070549241231138,3206737078479423773110416380,3227030802.9704943,36.94792831601741,5.387283994820462
2022-09-30,15644701,1664523383,20329652112300594440435815,3171485732553034038536310775,3191815384.6653347,36.54121242030526,5.448059809722017
2022-10-01,15655346,1664651987,20338743568003951844662826,3192149131307773148556487908,3212487874.8757772,36.78099943751304,5.41222828327504
2022-10-03,15665991,1664780363,20347457535065140572977727,3201284826104650836024155183,3221632283.639716,36.884553665488376,5.3967541091450055
2022-10-04,15676636,1664909039,20347457535065140572977727,3198216288481329313428148865,3218563746.0163946,36.84831831023539,5.402168781320263
2022-10-06,15687281,1665037775,20363036057493717181304371,3200753837811472064659524256,3221116873.8689656,36.88097043953989,5.397289552876839
2022-10-07,15697926,1665166475,20371427702140020594911701,3208604250956036141615764295,3228975678.658176,36.96883895917557,5.3841593041175635
2022-10-09,15708571,1665294755,20389140638079639102237155,3208816035438984666455778436,3229205176.0770645,36.972508518111354,5.383610959592546
2022-10-10,15719216,1665423203,20398247493860421754064588,3209594077749286399629170817,3229992325.243147,36.98118216947662,5.382314850354001
2022-10-12,15729861,1665551543,20416870103628226504268372,3404090817664245851619786730,3424507687.7678742,39.20681122469011,5.077243742742146
2022-10-13,15740506,1665679943,20430112445377880879291543,3404602147273073899853679262,3425032259.718452,39.212430738594826,5.076526744615377
2022-10-15,15751151,1665808403,20448661633585207396400590,3410035799392923969436518465,3430484461.0265093,39.27586248156677,5.0684334394541475
2022-10-16,15761796,1665936815,20457238793572657614598702,3407778873198844128054336354,3428236111.992417,39.25201645041989,5.071475973017213
2022-10-18,15772441,1666065335,20474937274103278641598803,3404695224454655423767690216,3425170161.728759,39.2146389996585,5.0762449908777905
2022-10-19,15783086,1666193771,20483051063563184100709504,3409072752360565540511089503,3429555803.4241285,39.26595022344877,5.069698152136272
2022-10-21,15793731,1666322147,20499437936780520300280727,3415627388104123456290701833,3436126826.040904,39.34085423682778,5.060141091118016
2022-10-22,15804376,1666450499,20509795015315864947083274,3417646735288995979777233110,3438156530.3043118,39.36447503108713,5.057127295703691
2022-10-24,15815021,1666578971,20528259283666484609312620,3418600883071274356414355114,3439129142.354941,39.37592983681033,5.0556657681791926
2022-10-25,15825666,1666707767,20539594359717915059248968,3408759839150066549550808300,3429299433.5097847,39.26069706118065,5.070368407174291
2022-10-27,15836311,1666836347,20557893690624861571129306,3434137906341333911032305757,3454695800.0319586,39.551623837250425,5.033248834733302
2022-10-28,15846956,1666964879,20565690890034727034883574,3437932951332102210961599925,3458498642.222137,39.5946457002279,5.027759641951146
2022-10-30,15857601,1667093435,20574267851374944531797118,3432764205353255245699490778,3453338473.2046304,39.53973510788425,5.034765726911125
2022-10-31,15868246,1667221763,20607883792978057300363938,3434983043632860655105691811,3455590927.425839,39.563913196791034,5.031680825841569
2022-11-02,15878891,1667350511,20615684696497038870289929,3412119763463942896539791391,3432735448.16044,39.30087452109197,5.065242133979983
2022-11-03,15889536,1667478959,20624662130594077262108166,3417386891361256152404341107,3438011553.4918504,39.36119841025346,5.057545362290893
2022-11-05,15900181,1667607431,20640158590221834929401686,3426885999900556111536819943,3447526158.490778,39.346943899949785,5.059364106288871
2022-11-06,15910826,1667735879,20648554224546803076222714,3448475589136651104138665217,3469124143.361198,39.78923508466433,5.002931831842313
2022-11-07,15921471,1667864195,20657283354568627032106174,3446727738428698467058449056,3467385021.783267,39.62079068106169,5.024423783618891
2022-11-09,15932116,1667992595,20666365527258254175881204,3414391891784339940105289824,3435058257.3115983,39.3281042629177,5.061767870153517
2022-11-10,15942761,1668121199,20666365527258254175881204,3332143024994095125502173986,3352809390.5213532,38.21737416000317,5.208742353657426
2022-11-12,15953406,1668249755,20666365527258254175881204,3312507355636749688078297067,3333173721.164008,38.16290635939212,5.216057710309822
2022-11-13,15964051,1668377987,20666365527258254175881204,3299633852717661874712747613,3320300218.2449203,38.01612660999092,5.235771122714453
2022-11-15,15974696,1668506363,20666420952725460250473283,3297692943449999684018678517,3318359364.402725,37.99082268196084,5.239236219417813
2022-11-16,15985341,1668635039,20666420952725460250473283,3296351714293937500071663287,3317018135.246663,37.97526235717275,5.241439030264327
2022-11-18,15995986,1668763511,20666420952725460250473283,3263906585808122150619999199,3284573006.7608476,37.60587213018935,5.293732077464605
2022-11-19,16006631,1668891923,20666420952725460250473283,3267274442428803215411671994,3287940863.381529,37.644132488917826,5.288315716665817
2022-11-21,16017276,1669020275,20666420952725460250473283,3262449497033742443577350147,3283115917.986468,37.58947246681771,5.296053710004168
2022-11-22,16027921,1669148843,20666420952725460250473283,3247739336941927995681399000,3268405757.8946533,37.4198014686263,5.3200733317180395
2022-11-24,16038566,1669277555,20666420952725460250473283,3244789739541158031754813268,3265456160.4938836,37.38651036934865,5.324786215001639
2022-11-25,16049211,1669406039,20666420952725460250473283,3244799648401605299296052212,3265466069.3543305,37.38599207945573,5.324859587158923
2022-11-27,16059856,1669534415,20666420952725460250473283,3296203179348516489306919782,3316869600.301242,37.97495088669244,5.241483123852459
2022-11-28,16070501,1669662791,20666420952725460250473283,3296924557630348020526320828,3317590978.5830736,37.98347433234286,5.24027649489168
2022-11-30,16081146,1669791275,20666420952725460250473283,3303428681517902987429279590,3324095102.4706283,38.05803250129834,5.230142906827064
2022-12-01,16091791,1669919855,20691615829715776233098227,3312693306468429489643122427,3333384922.2981453,38.16522550294727,5.215746235235673
2022-12-03,16102436,1670048147,20691615829715776233098227,3323982861999675593992904496,3344674477.8293915,38.293996934511185,5.198451449362891
2022-12-04,16113081,1670176691,20691615829715776233098227,3325969630496544833746327688,3346661246.3262606,38.31543396865002,5.195572325393576
2022-12-06,16123726,1670305283,20691615829715776233098227,3324664385163104386114465058,3345356000.9928203,38.301763442045896,5.197408360199706
2022-12-07,16134371,1670434763,20691615829715776233098227,3329572654851860523417937534,3350264270.6815763,38.35667486494464,5.19003342237794
2022-12-09,16145016,1670563103,20692834150758222111633317,3331185670442658887815485714,3351878504.593417,38.37533471688903,5.187527290855781
2022-12-10,16155661,1670691647,20692834150758222111633317,3260739932306493949114635217,3281432766.457252,37.5714295986475,5.298607964253282
2022-12-12,16166306,1670820071,20692834150758222111633317,3261592980660043375798169272,3282285814.8108015,37.580299777869634,5.297352249654318
2022-12-13,16176951,1670948723,20692834150758222111633317,3322029164755173027216222201,3342721998.9059315,38.26972477069741,5.201711348478169
2022-12-15,16187596,1671077111,20695123911378818014171264,3336324578372532922844082366,3357019702.2839117,38.435670290722896,5.179423856597925
2022-12-16,16198241,1671205571,20695123911378818014171264,3344937894379436866167352946,3365633018.290816,38.53370408557248,5.166257322145148
2022-12-18,16208886,1671334043,20695223911378818014171264,3355411742592300566432149091,3376106966.5036793,38.65506229895702,5.149958176527998
2022-12-19,16219531,1671462407,20695223911378818014171264,3356413975008962781996185188,3377109198.9203415,38.66588171639349,5.148505063010819
2022-12-21,16230176,1671590735,18845552525570826222023865,3346273736503847137878520994,3365119289.029418,38.52775557479737,5.167056243294567
2022-12-22,16240821,1671719063,18845552525570826222023865,3350270107626078653021695370,3369115660.1516495,38.571937269552784,5.161122373172822
2022-12-24,16251466,1671847163,18845552525570826222023865,3384850375135794401251345015,3403695927.661365,38.96951896220517,5.10772473553028
2022-12-25,16262111,1671975563,18845552525570826222023865,3384793552219117576169757256,3403639104.7446885,38.96696353866626,5.108067944442249
2022-12-27,16272756,1672103927,18845552525570826222023865,3393717086998678318348208967,3412562639.524249,39.06952739216369,5.094759893147012
2022-12-28,16283401,1672232327,18845552525570826222023865,3393969268751900915787789517,3412814821.2774715,39.07209001068363,5.094432926667424
2022-12-30,16294046,1672360667,18845554525570826222023865,3396669786559215299817564184,3415515341.084786,39.10284992829908,5.090508244980746
2022-12-31,16304691,1672489043,18857000900997992065851222,3400516686111608009265779093,3419373687.012606,39.147854278723514,5.084766105091433
2023-01-01,16315336,1672617299,18857000900997992065851222,3393611865083357001243224725,3412468865.984355,39.071067421754066,5.094563399580097
2023-01-03,16325981,1672745567,18857000900997992065851222,3400430996138894173656237662,3419287997.039892,39.14891521196038,5.084630739798926
2023-01-04,16336626,1672873859,18857000900997992065851222,3559848435683493914199669273,3578705436.5844917,40.97433635686581,4.857788054837059
2023-01-06,16347271,1673002415,18857000900997992065851222,3546909521550659708183530386,3565766522.451658,40.82398802643763,4.876035355622781
2023-01-07,16357916,1673130803,18857000900997992065851222,3547955623366551980930871768,3566812624.26755,40.83497230140564,4.874702228951645
2023-01-09,16368561,1673259083,18857000900997992065851222,3551097403878356501734423097,3569954404.7793546,40.87108789620109,4.8703189935714395
2023-01-10,16379206,1673387399,19113695240332481885804026,3552341387594358819500713604,3571455082.8346915,40.89161915843425,4.867827179286491
2023-01-12,16389851,1673515979,19119381241474419306687794,3553858647699202081135608607,3572978028.9406767,40.907838380095626,4.8658587037116545
2023-01-13,16400496,1673644535,18797398409067430460847870,3550984103713674409768828261,3569781502.1227417,40.87065677313203,4.870371317613178
2023-01-15,16411141,1673772851,18797398409067430460847870,3551691243925213481486104217,3570488642.334281,40.878123147688974,4.869465147375495
2023-01-16,16421786,1673901455,18799951912894335103670889,3550886618891693069029490099,3569686570.8045874,40.890014654979,4.868021912790191
2023-01-18,16432431,1674029723,18799951912894335103670889,3551492900034450589126415780,3570292851.947345,40.8757122908309,4.869757745438376
2023-01-19,16443076,1674158171,18808637857647774026732059,3547906802363312211880668922,3566715440.22096,40.83607898358212,4.874567914440199
2023-01-21,16453721,1674286583,18808637857647774026732059,3544130975432445670301977841,3562939613.2900934,40.793383950244575,4.879749675442452
2023-01-22,16464366,1674414887,18808637857647774026732059,3546331911908424785497184018,3565140549.7660728,40.81794832311112,4.876768375290785
2023-01-24,16475011,1674543287,18808637857647774026732059,3546338194696110747708208325,3565146832.5537586,40.81649165705993,4.876945166236881
2023-01-25,16485656,1674671687,18808637857647774026732059,3569682195952217041743517786,3588490833.809865,41.0840007791234,4.844963902997737
2023-01-27,16496301,1674800123,18808637857647774026732059,3575355161722585729961511498,3594163799.5802336,41.21124041272035,4.83025659687953
2023-01-28,16506946,1674928559,18809297023583573592389828,3566663104279843097133210517,3585472401.3034267,40.89858832509866,4.866981353596316
2023-01-30,16517591,1675056983,18809297023583573592389828,3565760214931616219832570081,3584569511.9551997,41.14444549941901,4.837977251280138
2023-01-31,16528236,1675185323,18823796789439885405144170,3572625272157446093921287928,3591449068.946886,41.06952515919335,4.846637103144135
2023-02-02,16538881,1675313843,18823796789439885405144170,3572236294209705349610313557,3591060090.999145,41.098926759667556,4.843238646811661
2023-02-03,16549526,1675442603,19250714146384267658998781,3579614511346041075212205640,3598865225.4924254,41.06376626058214,4.847302759609691
2023-02-05,16560171,1675571003,19250714146384267658998781,3580209182007626829158961131,3599459896.1540112,41.05655560140086,4.848136221392747
2023-02-06,16570816,1675699403,19250716146384267658998781,3585623027279359295691857552,3604873743.4257436,41.25814972501866,4.824834468598721
2023-02-08,16581461,1675827935,19250716146384267658998781,3590160927115266548439343646,3609411643.261651,41.198672732876354,4.831709263076658
2023-02-09,16592106,1675956695,19250716146384267658998781,3588512869649249496559626871,3607763585.795634,41.36137030282528,4.812903464142132
2023-02-11,16602751,1676085071,19250716146384267658998781,3581169068645750531859834005,3600419784.792135,41.175012976962236,4.834444034178038
2023-02-12,16613396,1676213531,19250716146384267658998781,3593366048292460020750693439,3612616764.438844,41.41075194607192,4.807195565405572
2023-02-14,16624041,1676342039,19250716146384267658998781,3597587757343322667811390804,3616838473.489707,41.449890104616486,4.802671685052056
2023-02-15,16634686,1676470679,19252780740688967589541836,3598021176422136157681422934,3617273957.162825,41.413505966879775,4.806877235134318
2023-02-17,16645331,1676599247,19252780740688967589541836,3601248396723546901020167727,3620501177.464236,41.57132324727823,4.788635536475274
2023-02-18,16655976,1676728883,19252780740688967589541836,3606483900512241399862292409,3625736681.25293,41.59960454842765,4.785366572696714
2023-02-20,16666621,1676858051,19252780740688967589541836,3604716920820093230330963678,3623969701.5607824,41.36936800551622,4.811979029998517
2023-02-21,16677266,1676987219,19252780740688967589541836,3603810011940945076505915200,3623062792.681634,41.33293915052339,4.816189748834853
2023-02-23,16687911,1677116651,19252780740688967589541836,3605313230761106778685111718,3624566011.501796,41.35397081850037,4.813758751744012
2023-02-24,16698556,1677246143,19252780740688967589541836,3605665578647600725953470778,3624918359.38829,41.63456779242166,4.7813252601137615
2023-02-26,16709201,1677375587,19252780740688967589541836,3608770318895675685130562831,3628023099.6363645,41.49921047504596,4.796970868684828
2023-02-27,16719846,1677504767,19252780740688967589541836,3608506530997317500117693395,3627759311.7380066,41.686361084891956,4.775338604967903
2023-03-01,16730491,1677633911,19267861724056906592925018,3612787811629281599854172376,3632055673.3533387,41.64251735801988,4.780406390014449
2023-03-02,16741136,1677763223,19267861724056906592925018,3616271748426694461074001414,3635539610.1507516,41.46141538791912,4.801339506823943
2023-03-04,16751781,1677892799,19267861724056906592925018,3651791276599496140826746892,3671059138.323553,42.16294252583385,4.721127771747768
2023-03-05,16762426,1678022087,19267861724056906592925018,3643357661851944507169896329,3662625523.5760016,42.02773653228205,4.736029
